Sébastien,Kurtzemann,capKopper
Benjamin,Dos Santos,Self-Employed
Matthieu,Fronton,ekino.
Axel,Pavageau,Ekino
Igor,HERRMANN,Freelance
Alban,MUSSI,Alban MUSSI
Sébastien,Braun,VMware
Rudy,YAYON,OS Consulting
Stephane,Crivisier,SC Consulting
Fabian,Prou,Juniper Networks
Etienne,Charlier,CETIC asbl
Sébastien,Dupont,CETIC asbl
Chuyen,Chuyen Huynh,Chuyen HUYNH
Guilhem,Lettron,Wemanity
Rémi,Scattolini,Ekino
Thomas,Clavier,Deliverous
Olivier,Albiez,Deliverous
fabien,gatelier,Wemanity
Romuald,du Song,Deveryware
Sylvain,Maucourt,Deveryware
Thomas,Favier,Deveryware
Thomas,Tourtet,Deveryware
Rémy,Dagnet,Deveryware
sharvin,sadat,CACIB
Patrice,Lachance,Société Générale
Florent,Manens,BeeZim
Jérôme,Regina,Novactive
jawed,khelil,KHELIL
Eric,KDUAL,NEOXIA
Yann,Coleu,NEOXIA
jean-françois,Arbona,STEAMULO
David,Donchez,Arkena
Smaine,Kahlouch,Arkena
Julien,Girardin,Arkena
Nicolas,Laumonier,GENERALI FRANCE
Serge,HARDY,JOUVE
Philippe,SARTIAUX,Schlumberger
Julien,SOUBIEN,Credit Agricole CIB
Emmanuel,Emmanuel Chabani,Schneider Electric
Alain,Fuss,Schneider Electric
CHRISTOPHE,LEBOUCHER,ORNESS
Bruno,MATULIC,INEO DIGITAL
Stephen,BROIX,INEO DIGITAL
Olivier,Grange-Labat,Le Monde.fr
Monir,MILOUDI,Monir MILOUDI
Jérémy,HAGE,JSH Consulting
Shailendra,Narayen,D2SI
Guewen,FAIVRE,ELAO
Robert,DE SOUSA,SOAT
Nicolas,Bonaldi,Nicolas Bonaldi
Luc,Marchaud,Marchaud Luc
Tom,Vleminckx,Vleminckx Consulting
Bart,Segers,Vleminckx Consulting
JEAN YVES,GASTAUD,STE CLEVER AGE
Christian,Wignon,Mirakl
Quentin,Sourice,Devoteam
Jean-Sébastien,ROQUES,DEVOTEAM
Florian,DAMBRINE,GumGum
Clément,Marianne,DEVOTEAM
Thomas,Andrieu,Level Informatique
Nicolas,Drouet,CLOUDSCREENER
Fabien,Penso,CLOUDSCREENER
Philippe,Delecourt,ELOSI
Boufenghour,Redouane,starxpert
Jacques-Olivier,LEGRAND,ESSILOR
laurent,roullet,alcatel lucent
Pierre-Gildas,MILLON,INEAT CONSEIL
Patrick,Goncalves,Criteo
Joris,De Pooter,Criteo
Guillaume,Fediere,Criteo
Victor,Demonchy,Criteo
Jeremy,Mauro,Criteo
Robert,Veznaver,Criteo
Loïc,Houssier,OpenTrust
christophe,bolle,SWIFT
FABRICE,AROUS,MOE CONSULTING
Patrick,Bourel,Air France
Nicolas,Monchy,Nicolas Monchy
Nidal,FAKIH,HYPERVISION TECHNOLOGY
Jonathan,DUPUICH,WEMANITY
Emmanuel,Champagne,Sciences Po Paris
François,Cattin,Sciences Po Paris
Arjumand,Al Arshad,Sciences Po Paris
Jérémy,Richard,Sciences Po Paris
Hugues,BIGAULT,Natixis
Gregory,Quistrebert,FNSP - DSI
Anthony,Lapenna,WorkIT
Rémi,BUISSON,CDiscount
Pierre,Erraud,Cdiscount
Vincent,Reydet,Orchestra
Ronan,KEREBEL,Amdocs
Alex,Wulms,SWIFT sc
SEBASTIEN,DEON,PHARMAGEST INTERACTIVE
Olivier,Saluden,Amdocs
Stéphane,Bernier,Amdocs
Bert,Jehoul,Selor
Charles,Delfly,Linkbynet
Franck,Martin,Linkbynet
Gwennael,Cornu,SWIFT
Erwan,Baynaud,Alcatel-Lucent Enterprise
Thanh Ngo,Nguyen,Alcatel-Lucent Enterprise
Eric,Blanchard,Alcatel-Lucent Enterprise
Anula,Sinnaya,Alcatel-Lucent Enterprise
Sébastien,Collignon,Easynet
Victor,Gazeau,d2-si
Vincent,Madaleno,Natixis
Jean-Michel,Laporte,Natixis
Stéphane,Matencio,Natixis
YANNICK,FOEILLET,OUTSCALE
ARTHUR,NGUYEN,OUTSCALE
Alexis,Morelle,Alcatel-Lucent Enterprise
Etienne,Jeanneau,D2SI
Pauline,Blanc,d2si
Nicolas,Barray,Nicolas Barray
cyrielle,camanes,D2SI
Jean-François,Roche,Affinitic
Romain,Gros,D2SI
Oualid,BOURGOU,Indépendant
Benoît,Pourre,D2SI
samuel,sainte-agathe,NEPELE
Thomas,Wickham,Thomas Wickham
Jean-Baptiste,Farez,Viadeo
PIERRE,KERRINCKX,Veolia water technologies
Nebojsa,STOJANOVIC,PREEZMS
Alexandre,SAULNIER,Veolia Water Technologies
Jean-Claude,Foures,Société Générale
Clotilde,Gibier,Société Générale
Guillaume,Chauvin,Société Générale
Franck,Jouvanceau,Société Générale
Philippe,Petiot,Société Générale
Nicolas,Benoit,Société Générale
Ludovic,Le Caplain,Société Générale
Vincent,Pain,Société Générale
Laurence,Habdas,Société Générale
Haykel,Tagourti,Société Générale
Laurent,Payet,Société Générale
Florent,Monthel,Société Générale
Marie-Claude,Le Curieux Lafayette,Société Générale
Archak,Soulahian,Société Générale
Stephan,Dechoux,Société Générale
Artem,Oboturov,D2SI
Julia,Ditisheim,D2-SI
Guillaume,DA SILVA,D2SI
Silvère,BEGIN,D2SI
Behrang,KHAKISEDDIGH,Schlumberger
Alain,Corenflos,METANEXT
Milan,ZAZIC,Natixis
FREDERIC,CETLIN,METANEXT
Jérôme,Landrieu,Natixis
Tatiana,Samusina,Air France
Alexis,SULTAN,SFR
Simon,Wemel,Experian
Florent,Lerat,Experian
Mathieu,Duczmanski,EXPERIAN
Henry-Nicolas,Tourneur,SWIFT
Corentin,Blanche,SWIFT
maxime,KURKDJIAN,OXALIDE
julienne,banmene,D2SI
Rémy,Dubois,D2SI
Jean-Philippe,BALANCA,SOPRA STERIA ISS
Romain,Fremiot,Office National des Fôrets
Stéphane Krikorian,Krikorian,CA-CIB
Gregory,Colpart,Evolix
Ronny,Neufinck,BNP PARIBAS ARBITRAGE
Mamadou,Diene,BNP PARIBAS ARBITRAGE
Mohamed,S Alaoui,BNP PARIBAS ARBITRAGE
Adil,Bendoula,BNP PARIBAS ARBITRAGE
Mhamed,Echbab,BNP PARIBAS ARBITRAGE
Frederic,Gibelin,BNP PARIBAS ARBITRAGE
Bruno,Chassagne,BNP PARIBAS ARBITRAGE
Ludovic,Maurillon,BNP PARIBAS ARBITRAGE
Stéphane,Peltier,BNP PARIBAS ARBITRAGE
Alexandre,Gakic,BNP PARIBAS ARBITRAGE
Thierry,Luc,SopraSteria
Fabien,MURARD,O2MAX
Olivier,MACQUET,ERDF
STEPHANE,SAVARY,NATIXIS
Loic,LE DRU,STIME
Laurent,Tremollieres,STIME
Antoine,LAGACHE,STIME
Yann,LE MOAL,STIME
Sophie,Cahuzac,AXA Technology Services
BARESCUT,Olivier,AXA Group Solutions
Alexandre,Arvinte,NoSuchCorp
Sébastien,Rohaut,AXA Technology Services
Christophe,Boucharlat,OPTIFLOWS
Stéphanie,Collin,BNP Paribas
Christophe,Rochefolle,vente-privee.com
Godefroid,Chapelle,BubbleNet
Damien,THAUVIN,VETECH FR
Frédéric,PICHERIT,Vente Privée
Raphaël,Dumontier,Natixis
Simon,Lallemand,Comuto/BlaBlaCar
Regis,Allegre,BlaBlaCar
Eric,Wisniewski,Société Générale
Steve,Eckerlein,Société Générale
René,Ghosh,Société Générale
Jean-Claude,Michel,Société Générale
François,Lefèvre,IsCool Entertainment
Cyril,Thomas,OPTIFLOWS
Mitchell,Hashimoto,HashiCorp
Jérôme,Petazzoni,Docker
Carlos,Conde,Amazon Web Services
Jerome,Labat,HP Software
Philippe,Sartiaux,Schlumberger
Laurent,Bernaille,D2SI
Bastien,Legras,Google Cloud
Christophe,Roux,D2SI
Fabien,Lallemand,D2SI
Julien,Stanojevic,D2SI
Guillermo,Musumeci,D2SI
Mark,Phillips,Ansible
Adrien,Blind,Société Générale
Clément,Cunin,D2SI
Stéphane,Goudeau,Microsoft Azure
Stéphane,Lapie,Splunk
Guillaume,Ayme,Splunk
Nicolas,Blanc,BlaBlaCar
Ahmet,Demir,D2SI
Benoît,Moussaud,XebiaLabs
Laurent,Mas,D2SI
François,Gouteroux,D2SI
Richard,Mathis,XebiaLabs
Vincent,Meoc,VMWare
Laurent,Cerveau,Nephorider
Brice,Dereims,VMWare
David,Acremann,XebiaLabs
Diana,Redondo,XebiaLabs
Maria-Christina,Popescu,XebiaLabs
Arnaud,Lambert,Treeptik
Fabien,Amico,Treeptik
Nicolas,MULLER,Treeptik
Nathalie,Helmer,Nephorider
Fabien,Hanoun,Citrix
Jean-Sébastien,Hurgon,Citrix
Vey,Julien,InfoQ
Rouaze,Antoine,InfoQ
Bellemon,Eric,InfoQ
Lynda,Pelletrat,Splunk
Jean Baptiste,Gely,Splunk
Jean Christophe,Rodrigues,Splunk
Adrien,Debosschere,Splunk
Benoit,Motheron,Splunk
Fatima,Mesdour,Splunk
Etienne,Issartial,Commitstrip
